Designator,Footprint,Quantity,Value,LCSC Part #
"C1, C10, C12, C15, C19, C22, C23, C24, C3, C33, C34, C36, C39, C41, C43, C44, C46, C47, C48, C49, C5, C50, C51, C52, C54, C55, C56, C57, C59, C60, C61, C62, C64, C66, C68, C7, C70, C80, C88",0603,39,100n,
"C11, C17, C2, C26, C27, C29, C30, C31, C4, C45, C6, C74, C77, C79, C81, C84, C86, C87, C92, C94, C98",0805,21,10u,
"C13, C25, C28, C32, C35, C37, C38, C40, C42, C63, C65, C8",0603,12,1u,
"C14, C53, C58, C67, C69, C71, C72, C9",0603,8,2.2u,
"C16, C18, C20, C21",0805,4,22u,
"C73, C76, C78, C83, C85, C90, C93, C96",0603,8,470p,
"C75, C82, C89, C95",0603,4,2.7n,
"C91, C97",0603,2,10n,
"D1, D2",SOD3716X125N,2,B5819W,
"D10, D12, D14, D16, D4, D6, D8",LED_D3.0mm,7,LED,
"D11, D13, D15, D17, D18, D3, D5, D7, D9",0603,9,LED,
IC1,SOT95P280X145-6N,1,LV3842XDBVR,
IC2,QFN40P600X600X80-49N-D,1,CS4282P,
IC3,TAD5242IRGER,1,TAD5242IRGER,
IC4,QFP50P1600X1600X160-100N,1,STM32H750VBT6,
IC5,QFP50P900X900X160-48N,1,STM32H523CET6,
J14,microSD_HC_Molex_104031-0811,1,Micro_SD_Card_Det2,
"J15, J16, J17, J18",NYS-216G,4,ReanNYS216G,
J2,694106301002_1,1,Barrel_Jack_Switch,
J7,USB_C_Receptacle_GCT_USB4105-xx-A_16P_TopMnt_Horizontal,1,USB_C_Receptacle_USB2.0_16P,
L1,SRR6040A180M,1,18uH 1.5A,
R1,0603,1,100k,
"R10, R11, R12, R13, R14, R15, R16, R24, R25, R26, R27, R28, R29, R30, R31, R32, R33, R34, R35, R36, R37, R40, R44, R46, R52, R54, R59, R6, R61, R65, R67",0603,31,10k,
"R17, R18, R19, R20, R21, R22, R23",0603,7,680/510,
"R2, R3",0603,2,47k,
"R38, R39",0603,2,680,
"R4, R5",0603,2,22,
"R41, R45, R49, R53, R57, R60, R63, R66",0603,8,634,
"R42, R47, R50, R55, R58, R62, R64, R68",0603,8,91,
"R43, R48, R51, R56",0603,4,470,
R7,0603,1,4k7,
"R8, R9",0603,2,5k1,
"RV1, RV2, RV3",VARC1005X41N,3,CG0402MLU-12G,
RV4,Potentiometer_Alpha_RD901F-40-00D_Single_Vertical_CircularHoles,1,R_Potentiometer,
SW1,RotaryEncoder_Alps_EC11E-Switch_Vertical_H20mm_CircularMountingHoles,1,RotaryEncoder_Switch,
"SW10, SW11, SW2, SW3, SW4, SW5, SW6, SW7, SW8, SW9",SW_TH_Tactile_Omron_B3F-102x,10,SW_Push,
"U1, U2",SOT-223-3_TabPin2,2,TLV76133DCY,
"U3, U4",TSSOP-14_4.4x5mm_P0.65mm,2,MCP6004,
