Designator,Mid X,Mid Y,Rotation,Layer
C1,203.75,-52.5,270.0,top
C10,215.5,-75.0,0.0,top
C11,201.25,-61.5,180.0,top
C12,201.25,-59.5,180.0,top
C13,192.5,-68.5,90.0,top
C14,192.5,-75.25,90.0,top
C15,190.499999,-75.25,270.0,top
C16,127.75,-79.5,45.0,top
C17,129.25,-81.0,225.0,top
C18,132.0,-78.25,270.0,top
C19,130.75,-82.25,225.0,top
C2,216.0,-57.5,180.0,top
C20,134.249999,-78.25,270.0,top
C21,125.380835,-87.823223,270.0,top
C22,127.148602,-87.823223,90.0,top
C23,128.562816,-87.823223,90.0,top
C24,135.987437,-81.812816,135.0,top
C25,137.035534,-80.764719,135.0,top
C26,138.285534,-79.514719,135.0,top
C27,153.239592,-101.656854,135.0,top
C28,154.653806,-100.596194,135.0,top
C29,166.5,-99.0,45.0,top
C3,216.25,-59.75,180.0,top
C30,162.608757,-102.187184,315.0,top
C31,125.775127,-93.724873,315.0,top
C32,127.189341,-92.31066,315.0,top
C33,128.25,-91.25,315.0,top
C34,155.714466,-99.535534,315.0,top
C35,165.083631,-97.944543,45.0,top
C36,160.133883,-100.77297,45.0,top
C37,129.25,-94.0,225.0,top
C38,130.687184,-94.744796,225.0,top
C39,164.02297,-96.883883,225.0,top
C4,226.5,-71.25,270.0,top
C40,136.987437,-95.487437,45.0,top
C41,135.75,-94.25,225.0,top
C42,157.482233,-101.303301,225.0,top
C43,164.75,-113.25,0.0,top
C44,87.0,-106.3625,90.0,top
C45,85.0,-106.5375,90.0,top
C46,154.75,-113.25,0.0,top
C47,144.75,-113.25,0.0,top
C48,177.25,-79.75,0.0,top
C49,134.75,-113.25,0.0,top
C5,224.5,-71.25,270.0,top
C50,218.0,-85.0,0.0,top
C51,221.0,-105.0,180.0,top
C52,215.5,-105.0,0.0,top
C53,109.0,-101.5,270.0,top
C54,194.75,-87.25,270.0,top
C55,111.75,-100.5,180.0,top
C56,193.1125,-103.25,180.0,top
C57,101.0,-98.0,90.0,top
C58,189.25,-103.5,180.0,top
C59,186.6125,-83.75,0.0,top
C6,222.5,-71.25,270.0,top
C60,118.75,-98.0,270.0,top
C61,114.75,-94.5,270.0,top
C62,183.8375,-80.25,0.0,top
C63,116.25,-94.5,270.0,top
C64,180.25,-83.75,0.0,top
C65,180.25,-82.25,0.0,top
C66,103.25,-88.0,0.0,top
C67,105.25,-85.6,90.0,top
C68,175.75,-101.75,90.0,top
C69,174.230975,-99.25,180.0,top
C7,220.5,-71.25,270.0,top
C70,175.75,-86.75,270.0,top
C71,187.0,-109.5,270.0,top
C72,188.51,-109.5,270.0,top
C73,149.25,-73.0,270.0,top
C74,143.75,-73.0,90.0,top
C75,132.25,-61.5,0.0,top
C76,149.25,-78.0,90.0,top
C77,143.75,-78.0,270.0,top
C78,159.25,-78.0,90.0,top
C79,154.25,-81.0,0.0,top
C8,205.0,-67.0,90.0,top
C80,154.25,-79.25,0.0,top
C81,164.75,-78.0,270.0,top
C82,157.25,-61.5,0.0,top
C83,159.25,-73.0,270.0,top
C84,164.75,-73.0,90.0,top
C85,118.0,-73.75,270.0,top
C86,106.75,-63.75,0.0,top
C87,113.0,-81.25,180.0,top
C88,113.0,-79.5,180.0,top
C89,123.0,-75.75,270.0,top
C9,215.5,-73.0,180.0,top
C90,118.0,-77.75,90.0,top
C91,101.0,-65.25,0.0,top
C92,106.75,-66.75,0.0,top
C93,108.0,-77.75,90.0,top
C94,86.0,-71.75,180.0,top
C95,103.0,-75.75,90.0,top
C96,108.0,-73.75,270.0,top
C97,91.75,-70.25,180.0,top
C98,86.0,-68.75,180.0,top
D1,223.0,-67.0,180.0,top
D10,228.75,-83.98,90.0,top
D11,230.0,-93.5,90.0,top
D12,228.75,-93.98,90.0,top
D13,230.0,-103.5,90.0,top
D14,228.75,-103.98,90.0,top
D15,230.0,-113.5,90.0,top
D16,228.75,-113.98,90.0,top
D17,133.75,-102.25,225.0,top
D18,132.25,-100.75,225.0,top
D2,228.75,-67.0,0.0,top
D3,236.75,-73.52,90.0,top
D4,235.5,-74.0,90.0,top
D5,232.0,-73.519999,90.0,top
D6,230.75,-74.0,90.0,top
D7,73.5,-79.5,0.0,top
D8,73.019999,-78.25,0.0,top
D9,230.0,-83.5,90.0,top
H1,63.0,-61.0,0.0,top
H2,63.0,-115.0,0.0,top
H3,168.5,-53.0,0.0,top
H4,124.75,-115.0,0.0,top
H5,235.0,-61.0,0.0,top
H6,220.0,-115.0,0.0,top
IC1,202.15,-56.5,270.0,top
IC2,134.75,-88.0,45.0,top
IC3,159.25,-96.0,135.0,top
IC4,185.25,-93.75,270.0,top
IC5,107.262,-94.25,180.0,top
J1,196.5,-61.245,0.0,bottom
J10,137.25,-115.25,0.0,bottom
J11,114.5,-114.0,0.0,bottom
J12,197.0,-81.05,180.0,bottom
J13,100.5,-114.0,0.0,bottom
J14,196.5,-111.0,180.0,top
J15,137.0,-52.0,0.0,bottom
J16,162.0,-52.0,0.0,bottom
J17,112.0,-52.0,0.0,bottom
J18,87.0,-52.0,0.0,bottom
J2,190.85,-54.7,270.0,bottom
J3,142.500001,-104.3,180.0,bottom
J4,167.25,-115.25,0.0,bottom
J5,149.0,-96.5,0.0,top
J6,157.25,-115.25,0.0,bottom
J7,224.5,-52.5,180.0,top
J8,147.25,-115.25,0.0,bottom
J9,178.25,-67.5,0.0,bottom
JP1,188.5,-63.3,270.0,top
JP2,193.25,-60.7,270.0,top
L1,209.15,-55.25,90.0,top
R1,198.4,-52.5,270.0,top
R10,220.5,-63.0,270.0,top
R11,154.75,-111.25,0.0,top
R12,144.75,-111.25,0.0,top
R13,134.75,-111.25,0.0,top
R14,221.0,-106.5,0.0,top
R15,215.5,-106.5,180.0,top
R16,218.0,-83.0,180.0,top
R17,235.5,-70.5,0.0,top
R18,230.75,-70.5,0.0,top
R19,77.5,-79.5,180.0,top
R2,200.9,-51.5,0.0,top
R20,229.0,-87.5,0.0,top
R21,229.0,-97.5,0.0,top
R22,229.0,-107.5,0.0,top
R23,225.75,-111.0,270.0,top
R24,62.75,-85.5,180.0,top
R25,73.6625,-84.75,0.0,top
R26,62.75,-92.0,0.0,top
R27,73.6625,-94.75,0.0,top
R28,83.6625,-92.5,0.0,top
R29,229.0,-80.5,0.0,top
R3,200.9,-53.25,0.0,top
R30,229.0,-90.5,0.0,top
R31,229.0,-100.5,0.0,top
R32,229.0,-110.5,0.0,top
R33,73.75,-104.75,0.0,top
R34,196.0,-89.75,180.0,top
R35,109.5,-104.5,180.0,top
R36,120.25,-98.0,270.0,top
R37,183.8375,-78.75,0.0,top
R38,130.75,-105.25,45.0,top
R39,129.75,-103.25,45.0,top
R4,146.75,-98.75,180.0,top
R40,201.25,-103.0,0.0,top
R41,147.75,-73.0,90.0,top
R42,146.25,-73.0,90.0,top
R43,132.25,-63.0,0.0,top
R44,134.5,-71.25,270.0,top
R45,147.75,-78.0,270.0,top
R46,141.75,-69.25,180.0,top
R47,146.25,-78.0,270.0,top
R48,132.25,-60.0,0.0,top
R49,160.75,-78.0,270.0,top
R5,147.0,-100.75,180.0,top
R50,162.25,-78.0,270.0,top
R51,157.25,-63.0,0.0,top
R52,164.5,-68.0,90.0,top
R53,160.75,-73.0,90.0,top
R54,155.75,-69.25,90.0,top
R55,162.25,-73.0,90.0,top
R56,157.25,-60.0,0.0,top
R57,121.0,-73.75,270.0,top
R58,119.5,-73.75,270.0,top
R59,101.0,-63.75,180.0,top
R6,164.75,-111.25,0.0,top
R60,121.0,-77.75,90.0,top
R61,101.0,-66.749999,0.0,top
R62,119.5,-77.75,90.0,top
R63,105.0,-77.75,90.0,top
R64,106.5,-77.75,90.0,top
R65,91.75,-71.75,0.0,top
R66,105.0,-73.75,270.0,top
R67,91.75,-68.75,180.0,top
R68,106.5,-73.75,270.0,top
R7,221.5,-60.5,180.0,top
R8,229.0,-62.5,180.0,top
R9,225.3375,-62.5,180.0,top
RV1,222.0,-59.0,0.0,top
RV2,225.75,-59.0,180.0,top
RV3,229.25,-59.0,180.0,top
RV4,178.25,-67.365,90.0,top
SW1,218.0,-95.25,90.0,top
SW10,234.5,-113.5,90.0,top
SW11,73.5,-109.5,0.0,top
SW2,63.5,-79.5,270.0,top
SW3,73.5,-89.5,0.0,top
SW4,63.5,-99.5,90.0,top
SW5,73.5,-99.5,0.0,top
SW6,83.5,-99.5,90.0,top
SW7,234.5,-83.5,90.0,top
SW8,234.5,-93.5,90.0,top
SW9,234.5,-103.5,90.0,top
U1,209.5,-69.5,90.0,top
U2,197.0,-71.0,90.0,top
U3,154.25,-75.5,270.0,top
U4,113.0,-75.75,90.0,top
